{"stats":{"minecraft:picked_up":{"minecraft:spruce_planks":2,"minecraft:spruce_log":6,"minecraft:white_wool":1,"minecraft:mutton":2,"minecraft:dirt":2},"minecraft:crafted":{"minecraft:spruce_planks":24,"minecraft:stick":4,"minecraft:wooden_pickaxe":1},"minecraft:mined":{"minecraft:grass_block":2,"minecraft:spruce_planks":2,"minecraft:spruce_log":6,"minecraft:fern":1},"minecraft:killed":{"minecraft:sheep":1},"minecraft:custom":{"minecraft:time_since_rest":7384,"minecraft:sprint_one_cm":939,"minecraft:play_time":7384,"minecraft:damage_taken":150,"minecraft:walk_one_cm":9449,"minecraft:mob_kills":1,"minecraft:drop":3,"minecraft:jump":8,"minecraft:damage_dealt":30,"minecraft:leave_game":9,"minecraft:time_since_death":7384,"minecraft:total_world_time":7384,"minecraft:interact_with_crafting_table":11,"minecraft:fly_one_cm":940},"minecraft:dropped":{"minecraft:mutton":2,"minecraft:white_wool":1},"minecraft:used":{"minecraft:dirt":2,"minecraft:wooden_pickaxe":4}},"DataVersion":3953}