{"stats":{"minecraft:picked_up":{"minecraft:wheat_seeds":1},"minecraft:mined":{"minecraft:short_grass":8},"minecraft:custom":{"minecraft:jump":99,"minecraft:time_since_rest":9356,"minecraft:damage_dealt":8,"minecraft:play_time":9356,"minecraft:leave_game":5,"minecraft:sprint_one_cm":52875,"minecraft:damage_taken":50,"minecraft:time_since_death":9356,"minecraft:walk_one_cm":13208,"minecraft:total_world_time":9356,"minecraft:drop":1,"minecraft:fall_one_cm":2279,"minecraft:fly_one_cm":16467},"minecraft:dropped":{"minecraft:wheat_seeds":1}},"DataVersion":3953}