{"stats":{"minecraft:picked_up":{"minecraft:feather":6,"minecraft:chicken":6,"minecraft:spruce_log":5,"minecraft:dirt":11,"minecraft:oak_boat":1,"minecraft:oak_sapling":2,"minecraft:chest":1,"minecraft:sugar_cane":3,"minecraft:coal":16,"minecraft:cobblestone":7},"minecraft:crafted":{"minecraft:spruce_planks":20,"minecraft:stick":4,"minecraft:wooden_pickaxe":1,"minecraft:cooked_chicken":2,"minecraft:stone_pickaxe":1},"minecraft:mined":{"minecraft:spruce_log":6,"minecraft:grass_block":8,"minecraft:coal_ore":16,"minecraft:chest":1,"minecraft:dirt":3,"minecraft:spruce_leaves":2,"minecraft:lapis_ore":1,"minecraft:stone":2,"minecraft:sugar_cane":1,"minecraft:oak_leaves":8},"minecraft:killed":{"minecraft:chicken":6},"minecraft:custom":{"minecraft:time_since_rest":25693,"minecraft:interact_with_furnace":6,"minecraft:sprint_one_cm":30284,"minecraft:damage_taken":214,"minecraft:walk_one_cm":67101,"minecraft:mob_kills":6,"minecraft:damage_dealt":291,"minecraft:swim_one_cm":39995,"minecraft:interact_with_crafting_table":5,"minecraft:fly_one_cm":21508,"minecraft:open_chest":1,"minecraft:crouch_one_cm":489,"minecraft:play_time":25693,"minecraft:sneak_time":637,"minecraft:walk_under_water_one_cm":9486,"minecraft:boat_one_cm":14733,"minecraft:jump":340,"minecraft:leave_game":4,"minecraft:walk_on_water_one_cm":25266,"minecraft:time_since_death":25693,"minecraft:total_world_time":25693,"minecraft:fall_one_cm":5469},"minecraft:used":{"minecraft:stone_pickaxe":30,"minecraft:wooden_pickaxe":12,"minecraft:cooked_chicken":2,"minecraft:dirt":11,"minecraft:cobblestone":2}},"DataVersion":3953}