{"stats":{"minecraft:used":{"minecraft:dirt":2,"minecraft:wooden_pickaxe":3},"minecraft:custom":{"minecraft:time_since_rest":6824,"minecraft:damage_taken":150,"minecraft:damage_dealt":10,"minecraft:play_time":6824,"minecraft:leave_game":8,"minecraft:sprint_one_cm":653,"minecraft:time_since_death":6824,"minecraft:walk_one_cm":6827,"minecraft:total_world_time":6824,"minecraft:interact_with_crafting_table":8,"minecraft:fly_one_cm":940,"minecraft:jump":6},"minecraft:picked_up":{"minecraft:spruce_planks":2,"minecraft:spruce_log":6,"minecraft:dirt":2},"minecraft:mined":{"minecraft:grass_block":2,"minecraft:spruce_log":6,"minecraft:spruce_planks":2,"minecraft:fern":1},"minecraft:crafted":{"minecraft:spruce_planks":24,"minecraft:stick":4,"minecraft:wooden_pickaxe":1}},"DataVersion":3953}