{"stats":{"minecraft:picked_up":{"minecraft:feather":6,"minecraft:chicken":6,"minecraft:spruce_log":5,"minecraft:dirt":10,"minecraft:oak_boat":1,"minecraft:oak_sapling":2,"minecraft:chest":1,"minecraft:sugar_cane":3,"minecraft:coal":16,"minecraft:cobblestone":7},"minecraft:crafted":{"minecraft:spruce_planks":20,"minecraft:stick":4,"minecraft:wooden_pickaxe":1,"minecraft:cooked_chicken":2,"minecraft:stone_pickaxe":1},"minecraft:mined":{"minecraft:spruce_log":6,"minecraft:grass_block":7,"minecraft:coal_ore":16,"minecraft:chest":1,"minecraft:dirt":3,"minecraft:spruce_leaves":2,"minecraft:lapis_ore":1,"minecraft:stone":2,"minecraft:sugar_cane":1,"minecraft:oak_leaves":2},"minecraft:killed":{"minecraft:chicken":6},"minecraft:custom":{"minecraft:time_since_rest":23749,"minecraft:interact_with_furnace":6,"minecraft:sprint_one_cm":30284,"minecraft:damage_taken":214,"minecraft:walk_one_cm":65272,"minecraft:mob_kills":6,"minecraft:damage_dealt":291,"minecraft:swim_one_cm":39995,"minecraft:interact_with_crafting_table":5,"minecraft:fly_one_cm":21508,"minecraft:open_chest":1,"minecraft:crouch_one_cm":489,"minecraft:play_time":23749,"minecraft:sneak_time":637,"minecraft:walk_under_water_one_cm":9486,"minecraft:boat_one_cm":14733,"minecraft:jump":315,"minecraft:leave_game":3,"minecraft:walk_on_water_one_cm":25266,"minecraft:time_since_death":23749,"minecraft:total_world_time":23749,"minecraft:fall_one_cm":5260},"minecraft:used":{"minecraft:stone_pickaxe":30,"minecraft:wooden_pickaxe":12,"minecraft:cooked_chicken":2,"minecraft:dirt":2,"minecraft:cobblestone":2}},"DataVersion":3953}