{"stats":{"minecraft:picked_up":{"minecraft:spruce_planks":2,"minecraft:spruce_log":6,"minecraft:sugar_cane":4,"minecraft:white_wool":1,"minecraft:mutton":2,"minecraft:dirt":12},"minecraft:crafted":{"minecraft:spruce_planks":24,"minecraft:stick":4,"minecraft:wooden_pickaxe":1},"minecraft:mined":{"minecraft:short_grass":1,"minecraft:tall_seagrass":1,"minecraft:grass_block":2,"minecraft:spruce_planks":2,"minecraft:dirt":10,"minecraft:spruce_log":6,"minecraft:sugar_cane":2,"minecraft:fern":1},"minecraft:killed":{"minecraft:sheep":1},"minecraft:custom":{"minecraft:time_since_rest":10834,"minecraft:play_time":10834,"minecraft:sprint_one_cm":20799,"minecraft:damage_taken":150,"minecraft:walk_one_cm":12793,"minecraft:walk_under_water_one_cm":125,"minecraft:mob_kills":1,"minecraft:drop":3,"minecraft:jump":117,"minecraft:damage_dealt":80,"minecraft:walk_on_water_one_cm":4768,"minecraft:leave_game":10,"minecraft:time_since_death":10834,"minecraft:total_world_time":10834,"minecraft:swim_one_cm":6488,"minecraft:interact_with_crafting_table":11,"minecraft:fall_one_cm":2090,"minecraft:fly_one_cm":17691},"minecraft:dropped":{"minecraft:mutton":2,"minecraft:white_wool":1},"minecraft:used":{"minecraft:dirt":7,"minecraft:wooden_pickaxe":4}},"DataVersion":3953}