{"stats":{"minecraft:picked_up":{"minecraft:wheat_seeds":1,"minecraft:dirt":18},"minecraft:mined":{"minecraft:short_grass":4,"minecraft:grass_block":4,"minecraft:dirt_path":4,"minecraft:dirt":10},"minecraft:custom":{"minecraft:jump":51,"minecraft:time_since_rest":6454,"minecraft:damage_dealt":20,"minecraft:play_time":6454,"minecraft:leave_game":4,"minecraft:sprint_one_cm":2983,"minecraft:time_since_death":6454,"minecraft:walk_one_cm":14539,"minecraft:sneak_time":4,"minecraft:total_world_time":6454,"minecraft:drop":1,"minecraft:fall_one_cm":2216,"minecraft:fly_one_cm":9645},"minecraft:dropped":{"minecraft:wheat_seeds":1},"minecraft:used":{"minecraft:dirt":18}},"DataVersion":3953}