{"stats":{"minecraft:picked_up":{"minecraft:wheat_seeds":1,"minecraft:dirt":17},"minecraft:mined":{"minecraft:short_grass":4,"minecraft:grass_block":4,"minecraft:dirt_path":4,"minecraft:dirt":9},"minecraft:custom":{"minecraft:jump":18,"minecraft:time_since_rest":3474,"minecraft:damage_dealt":10,"minecraft:play_time":3474,"minecraft:leave_game":2,"minecraft:sprint_one_cm":521,"minecraft:time_since_death":3474,"minecraft:walk_one_cm":10339,"minecraft:sneak_time":4,"minecraft:total_world_time":3474,"minecraft:fall_one_cm":476,"minecraft:fly_one_cm":1874},"minecraft:used":{"minecraft:dirt":17}},"DataVersion":3953}