{"stats":{"minecraft:picked_up":{"minecraft:wooden_sword":2,"minecraft:stick":10,"minecraft:bone":8,"minecraft:arrow":6,"minecraft:rotten_flesh":20,"minecraft:peony":1,"minecraft:wooden_pickaxe":1,"minecraft:spruce_planks":16,"minecraft:oak_log":10,"minecraft:spruce_sapling":2,"minecraft:oak_sapling":1,"minecraft:dirt":20,"minecraft:cobblestone":1},"minecraft:killed_by":{"minecraft:skeleton":1,"minecraft:player":2},"minecraft:mined":{"minecraft:oak_log":10,"minecraft:spruce_sapling":1,"minecraft:oak_leaves":11,"minecraft:peony":1,"minecraft:fern":1},"minecraft:killed":{"minecraft:zombie":2},"minecraft:custom":{"minecraft:open_chest":2,"minecraft:time_since_rest":7054,"minecraft:crouch_one_cm":647,"minecraft:damage_taken":835,"minecraft:play_time":16523,"minecraft:sprint_one_cm":82802,"minecraft:deaths":3,"minecraft:walk_one_cm":50207,"minecraft:sneak_time":189,"minecraft:walk_under_water_one_cm":163,"minecraft:mob_kills":2,"minecraft:jump":239,"minecraft:damage_dealt":384,"minecraft:leave_game":2,"minecraft:walk_on_water_one_cm":12322,"minecraft:time_since_death":6994,"minecraft:total_world_time":16523,"minecraft:swim_one_cm":11939,"minecraft:fall_one_cm":7375,"minecraft:fly_one_cm":20760},"minecraft:used":{"minecraft:peony":1,"minecraft:wooden_sword":11,"minecraft:dirt":20,"minecraft:golden_axe":18}},"DataVersion":3953}