{"stats":{"minecraft:picked_up":{"minecraft:crafting_table":1,"minecraft:spruce_log":6,"minecraft:dirt":14,"minecraft:spruce_planks":2,"minecraft:sugar_cane":4,"minecraft:mutton":2,"minecraft:coal":9,"minecraft:white_wool":1,"minecraft:cobblestone":42},"minecraft:crafted":{"minecraft:crafting_table":1,"minecraft:spruce_planks":24,"minecraft:stick":8,"minecraft:wooden_pickaxe":1,"minecraft:stone_pickaxe":1,"minecraft:stone_sword":1,"minecraft:furnace":1,"minecraft:stone_axe":1},"minecraft:mined":{"minecraft:tall_seagrass":1,"minecraft:spruce_planks":2,"minecraft:spruce_log":6,"minecraft:crafting_table":1,"minecraft:short_grass":1,"minecraft:grass_block":2,"minecraft:coal_ore":9,"minecraft:dirt":12,"minecraft:stone":42,"minecraft:sugar_cane":2,"minecraft:fern":1},"minecraft:killed":{"minecraft:sheep":1},"minecraft:custom":{"minecraft:time_since_rest":15420,"minecraft:sprint_one_cm":22127,"minecraft:damage_taken":150,"minecraft:walk_one_cm":24339,"minecraft:mob_kills":1,"minecraft:drop":3,"minecraft:damage_dealt":80,"minecraft:swim_one_cm":6488,"minecraft:interact_with_crafting_table":14,"minecraft:fly_one_cm":20613,"minecraft:play_time":15420,"minecraft:walk_under_water_one_cm":125,"minecraft:jump":154,"minecraft:leave_game":14,"minecraft:time_since_death":15420,"minecraft:walk_on_water_one_cm":4768,"minecraft:total_world_time":15420,"minecraft:fall_one_cm":2833},"minecraft:dropped":{"minecraft:mutton":2,"minecraft:white_wool":1},"minecraft:used":{"minecraft:stone_pickaxe":32,"minecraft:wooden_pickaxe":25,"minecraft:stone_axe":1,"minecraft:dirt":7,"minecraft:crafting_table":1}},"DataVersion":3953}