{"stats":{"minecraft:picked_up":{"minecraft:wooden_sword":1,"minecraft:arrow":3,"minecraft:stick":5,"minecraft:bone":4,"minecraft:rotten_flesh":10,"minecraft:spruce_planks":8,"minecraft:spruce_sapling":1,"minecraft:dirt":20},"minecraft:killed_by":{"minecraft:skeleton":1,"minecraft:player":1},"minecraft:mined":{"minecraft:spruce_sapling":1,"minecraft:fern":1},"minecraft:killed":{"minecraft:zombie":2},"minecraft:custom":{"minecraft:time_since_rest":3262,"minecraft:crouch_one_cm":647,"minecraft:play_time":6942,"minecraft:sprint_one_cm":40000,"minecraft:deaths":2,"minecraft:damage_taken":695,"minecraft:walk_one_cm":31447,"minecraft:sneak_time":189,"minecraft:mob_kills":2,"minecraft:jump":55,"minecraft:damage_dealt":374,"minecraft:leave_game":2,"minecraft:time_since_death":3221,"minecraft:total_world_time":6942,"minecraft:fly_one_cm":3161,"minecraft:fall_one_cm":2080},"minecraft:used":{"minecraft:wooden_sword":11}},"DataVersion":3953}