{"stats":{"minecraft:picked_up":{"minecraft:spruce_log":3,"minecraft:spruce_planks":2},"minecraft:custom":{"minecraft:jump":4,"minecraft:time_since_rest":2960,"minecraft:damage_dealt":10,"minecraft:play_time":2960,"minecraft:leave_game":4,"minecraft:sprint_one_cm":653,"minecraft:damage_taken":150,"minecraft:time_since_death":2960,"minecraft:walk_one_cm":4138,"minecraft:total_world_time":2960,"minecraft:interact_with_crafting_table":2,"minecraft:fly_one_cm":940},"minecraft:mined":{"minecraft:spruce_log":3,"minecraft:spruce_planks":2},"minecraft:crafted":{"minecraft:spruce_planks":12,"minecraft:stick":4}},"DataVersion":3953}