{"stats":{"minecraft:picked_up":{"minecraft:feather":4,"minecraft:chicken":4,"minecraft:spruce_log":5,"minecraft:chest":1,"minecraft:sugar_cane":3,"minecraft:coal":16,"minecraft:dirt":10,"minecraft:cobblestone":7},"minecraft:crafted":{"minecraft:spruce_planks":20,"minecraft:stick":4,"minecraft:stone_pickaxe":1,"minecraft:wooden_pickaxe":1},"minecraft:mined":{"minecraft:grass_block":7,"minecraft:coal_ore":16,"minecraft:chest":1,"minecraft:dirt":3,"minecraft:oak_leaves":1,"minecraft:spruce_log":6,"minecraft:spruce_leaves":2,"minecraft:stone":2,"minecraft:sugar_cane":1},"minecraft:killed":{"minecraft:chicken":4},"minecraft:custom":{"minecraft:open_chest":1,"minecraft:time_since_rest":15092,"minecraft:crouch_one_cm":489,"minecraft:sprint_one_cm":29570,"minecraft:play_time":15092,"minecraft:damage_taken":119,"minecraft:walk_one_cm":49644,"minecraft:sneak_time":570,"minecraft:walk_under_water_one_cm":2181,"minecraft:mob_kills":4,"minecraft:jump":270,"minecraft:damage_dealt":161,"minecraft:leave_game":1,"minecraft:time_since_death":15092,"minecraft:walk_on_water_one_cm":12506,"minecraft:total_world_time":15092,"minecraft:swim_one_cm":16021,"minecraft:interact_with_crafting_table":3,"minecraft:fall_one_cm":5051,"minecraft:fly_one_cm":20961},"minecraft:used":{"minecraft:dirt":2,"minecraft:stone_pickaxe":24,"minecraft:wooden_pickaxe":12}},"DataVersion":3953}