{"stats":{"minecraft:crafted":{"minecraft:oak_boat":3,"minecraft:oak_planks":40,"minecraft:crafting_table":2,"minecraft:cooked_chicken":2},"minecraft:killed":{"minecraft:zombie":2},"minecraft:mined":{"minecraft:large_fern":1,"minecraft:spruce_sapling":1,"minecraft:lily_of_the_valley":1,"minecraft:peony":1,"minecraft:crafting_table":1,"minecraft:short_grass":1,"minecraft:oak_log":20,"minecraft:spruce_leaves":2,"minecraft:oak_leaves":15,"minecraft:fern":1},"minecraft:used":{"minecraft:peony":1,"minecraft:cooked_chicken":2,"minecraft:wooden_sword":11,"minecraft:dirt":20,"minecraft:lily_of_the_valley":1,"minecraft:crafting_table":2,"minecraft:oak_boat":3,"minecraft:golden_axe":19},"minecraft:killed_by":{"minecraft:player":2,"minecraft:skeleton":1},"minecraft:picked_up":{"minecraft:stick":14,"minecraft:crafting_table":1,"minecraft:wooden_pickaxe":1,"minecraft:oak_log":20,"minecraft:spruce_sapling":2,"minecraft:lily_of_the_valley":1,"minecraft:dirt":20,"minecraft:wooden_sword":2,"minecraft:arrow":6,"minecraft:bone":8,"minecraft:rotten_flesh":20,"minecraft:wheat_seeds":1,"minecraft:peony":1,"minecraft:spruce_planks":16,"minecraft:oak_sapling":5,"minecraft:cobblestone":1},"minecraft:custom":{"minecraft:time_since_rest":2837,"minecraft:interact_with_furnace":4,"minecraft:sprint_one_cm":113843,"minecraft:damage_taken":1115,"minecraft:walk_one_cm":65887,"minecraft:mob_kills":2,"minecraft:damage_dealt":384,"minecraft:swim_one_cm":20353,"minecraft:interact_with_crafting_table":2,"minecraft:fly_one_cm":29287,"minecraft:open_chest":2,"minecraft:crouch_one_cm":826,"minecraft:play_time":30023,"minecraft:deaths":4,"minecraft:sneak_time":314,"minecraft:walk_under_water_one_cm":323,"minecraft:boat_one_cm":77575,"minecraft:jump":406,"minecraft:leave_game":5,"minecraft:walk_on_water_one_cm":15820,"minecraft:time_since_death":2781,"minecraft:total_world_time":30023,"minecraft:fall_one_cm":12107}},"DataVersion":3953}