{"stats":{"minecraft:picked_up":{"minecraft:wooden_axe":2,"minecraft:stick":8,"minecraft:crafting_table":2,"minecraft:wooden_pickaxe":5,"minecraft:spruce_sapling":6,"minecraft:spruce_log":6,"minecraft:dirt":30,"minecraft:rotten_flesh":11,"minecraft:wheat_seeds":5,"minecraft:spruce_planks":30,"minecraft:wooden_shovel":5},"minecraft:killed_by":{"minecraft:zombie":6},"minecraft:crafted":{"minecraft:wooden_shovel":1,"minecraft:crafting_table":1,"minecraft:spruce_planks":24,"minecraft:stick":8,"minecraft:spruce_button":1,"minecraft:wooden_pickaxe":1,"minecraft:wooden_axe":1},"minecraft:mined":{"minecraft:spruce_planks":6,"minecraft:spruce_log":6,"minecraft:crafting_table":2,"minecraft:grass_block":13,"minecraft:dirt":3,"minecraft:spruce_leaves":2,"minecraft:fern":2},"minecraft:killed":{"minecraft:zombie":2},"minecraft:custom":{"minecraft:time_since_rest":889,"minecraft:sprint_one_cm":18928,"minecraft:damage_taken":1549,"minecraft:walk_one_cm":37603,"minecraft:mob_kills":2,"minecraft:drop":1,"minecraft:damage_dealt":606,"minecraft:interact_with_crafting_table":16,"minecraft:fly_one_cm":25983,"minecraft:crouch_one_cm":2041,"minecraft:play_time":17530,"minecraft:deaths":6,"minecraft:sneak_time":363,"minecraft:jump":217,"minecraft:leave_game":8,"minecraft:time_since_death":56,"minecraft:total_world_time":17530,"minecraft:fall_one_cm":3954},"minecraft:dropped":{"minecraft:spruce_button":1},"minecraft:used":{"minecraft:wooden_axe":15,"minecraft:spruce_planks":6,"minecraft:wooden_pickaxe":25,"minecraft:wooden_shovel":7,"minecraft:rotten_flesh":1,"minecraft:dirt":30,"minecraft:crafting_table":3}},"DataVersion":3953}