{"stats":{"minecraft:picked_up":{"minecraft:spruce_sapling":1,"minecraft:spruce_log":3,"minecraft:dirt":2},"minecraft:crafted":{"minecraft:crafting_table":1,"minecraft:spruce_planks":12,"minecraft:stick":4,"minecraft:spruce_button":1},"minecraft:used":{"minecraft:dirt":2,"minecraft:crafting_table":1},"minecraft:dropped":{"minecraft:spruce_button":1},"minecraft:mined":{"minecraft:grass_block":1,"minecraft:dirt":1,"minecraft:spruce_log":3,"minecraft:spruce_leaves":2},"minecraft:custom":{"minecraft:time_since_rest":6945,"minecraft:crouch_one_cm":521,"minecraft:play_time":6945,"minecraft:sprint_one_cm":3084,"minecraft:damage_taken":30,"minecraft:walk_one_cm":5450,"minecraft:sneak_time":51,"minecraft:drop":1,"minecraft:jump":31,"minecraft:leave_game":3,"minecraft:time_since_death":6945,"minecraft:total_world_time":6945,"minecraft:interact_with_crafting_table":6,"minecraft:fall_one_cm":1463,"minecraft:fly_one_cm":5867}},"DataVersion":3953}