{"stats":{"minecraft:used":{"minecraft:wooden_axe":7,"minecraft:dirt":18,"minecraft:crafting_table":2,"minecraft:spruce_planks":6},"minecraft:picked_up":{"minecraft:crafting_table":1,"minecraft:rotten_flesh":2,"minecraft:spruce_planks":6,"minecraft:spruce_sapling":1,"minecraft:spruce_log":5,"minecraft:dirt":18},"minecraft:custom":{"minecraft:time_since_rest":10334,"minecraft:crouch_one_cm":795,"minecraft:play_time":10334,"minecraft:sprint_one_cm":3379,"minecraft:damage_taken":219,"minecraft:walk_one_cm":13476,"minecraft:sneak_time":124,"minecraft:mob_kills":1,"minecraft:drop":1,"minecraft:jump":71,"minecraft:damage_dealt":207,"minecraft:leave_game":6,"minecraft:time_since_death":10334,"minecraft:total_world_time":10334,"minecraft:interact_with_crafting_table":12,"minecraft:fall_one_cm":1672,"minecraft:fly_one_cm":6753},"minecraft:killed":{"minecraft:zombie":1},"minecraft:mined":{"minecraft:grass_block":2,"minecraft:spruce_planks":6,"minecraft:dirt":2,"minecraft:spruce_leaves":2,"minecraft:spruce_log":5,"minecraft:crafting_table":1},"minecraft:crafted":{"minecraft:crafting_table":1,"minecraft:spruce_planks":20,"minecraft:stick":4,"minecraft:spruce_button":1,"minecraft:wooden_pickaxe":1,"minecraft:wooden_axe":1},"minecraft:dropped":{"minecraft:spruce_button":1}},"DataVersion":3953}