{"stats":{"minecraft:picked_up":{"minecraft:wooden_axe":2,"minecraft:stick":14,"minecraft:crafting_table":2,"minecraft:wooden_pickaxe":9,"minecraft:spruce_sapling":8,"minecraft:spruce_log":16,"minecraft:redstone":18,"minecraft:dirt":128,"minecraft:wooden_sword":1,"minecraft:rotten_flesh":29,"minecraft:wheat_seeds":5,"minecraft:spruce_planks":40,"minecraft:wooden_shovel":5,"minecraft:mutton":6,"minecraft:coal":6,"minecraft:white_wool":6,"minecraft:cobblestone":15},"minecraft:killed_by":{"minecraft:creeper":1,"minecraft:witch":3,"minecraft:zombie":7},"minecraft:crafted":{"minecraft:wooden_sword":2,"minecraft:wooden_shovel":1,"minecraft:crafting_table":2,"minecraft:spruce_planks":64,"minecraft:stick":24,"minecraft:spruce_button":1,"minecraft:wooden_pickaxe":4,"minecraft:stone_pickaxe":1,"minecraft:wooden_axe":1,"minecraft:furnace":1,"minecraft:torch":4,"minecraft:stone_axe":1,"minecraft:air":0,"minecraft:cooked_mutton":2},"minecraft:broken":{"minecraft:wooden_pickaxe":1},"minecraft:mined":{"minecraft:spruce_planks":6,"minecraft:spruce_log":16,"minecraft:crafting_table":2,"minecraft:grass_block":16,"minecraft:coal_ore":6,"minecraft:dirt":25,"minecraft:spruce_leaves":5,"minecraft:stone":15,"minecraft:fern":2},"minecraft:killed":{"minecraft:skeleton":1,"minecraft:zombie":4,"minecraft:witch":1,"minecraft:spider":1},"minecraft:custom":{"minecraft:time_since_rest":8358,"minecraft:interact_with_furnace":6,"minecraft:sprint_one_cm":46156,"minecraft:damage_taken":2937,"minecraft:walk_one_cm":89761,"minecraft:mob_kills":10,"minecraft:drop":1,"minecraft:damage_dealt":2737,"minecraft:interact_with_crafting_table":35,"minecraft:fly_one_cm":47669,"minecraft:player_kills":1,"minecraft:crouch_one_cm":2623,"minecraft:play_time":34952,"minecraft:deaths":11,"minecraft:sneak_time":464,"minecraft:jump":487,"minecraft:leave_game":10,"minecraft:time_since_death":8330,"minecraft:total_world_time":34952,"minecraft:fall_one_cm":9211},"minecraft:dropped":{"minecraft:spruce_button":1},"minecraft:used":{"minecraft:wooden_axe":15,"minecraft:cooked_mutton":1,"minecraft:spruce_planks":6,"minecraft:wooden_pickaxe":88,"minecraft:spruce_sapling":2,"minecraft:wooden_shovel":7,"minecraft:rotten_flesh":1,"minecraft:torch":1,"minecraft:wooden_sword":34,"minecraft:dirt":64,"minecraft:crafting_table":4,"minecraft:furnace":1}},"DataVersion":3953}