{"stats":{"minecraft:used":{"minecraft:wooden_axe":7,"minecraft:dirt":3,"minecraft:crafting_table":2,"minecraft:spruce_planks":6},"minecraft:mined":{"minecraft:grass_block":2,"minecraft:spruce_planks":6,"minecraft:dirt":1,"minecraft:spruce_log":5,"minecraft:spruce_leaves":2,"minecraft:crafting_table":1},"minecraft:crafted":{"minecraft:crafting_table":1,"minecraft:spruce_planks":20,"minecraft:stick":4,"minecraft:spruce_button":1,"minecraft:wooden_pickaxe":1,"minecraft:wooden_axe":1},"minecraft:picked_up":{"minecraft:crafting_table":1,"minecraft:spruce_planks":6,"minecraft:spruce_sapling":1,"minecraft:spruce_log":5,"minecraft:dirt":3},"minecraft:dropped":{"minecraft:spruce_button":1},"minecraft:custom":{"minecraft:time_since_rest":8104,"minecraft:crouch_one_cm":595,"minecraft:play_time":8104,"minecraft:sprint_one_cm":3084,"minecraft:damage_taken":30,"minecraft:walk_one_cm":9299,"minecraft:sneak_time":69,"minecraft:drop":1,"minecraft:jump":36,"minecraft:leave_game":4,"minecraft:time_since_death":8104,"minecraft:total_world_time":8104,"minecraft:interact_with_crafting_table":12,"minecraft:fall_one_cm":1672,"minecraft:fly_one_cm":5867}},"DataVersion":3953}