{"stats":{"minecraft:picked_up":{"minecraft:wheat_seeds":1,"minecraft:hay_block":26,"minecraft:white_bed":2},"minecraft:mined":{"minecraft:hay_block":26,"minecraft:short_grass":1,"minecraft:white_bed":2,"minecraft:tall_grass":2,"minecraft:oak_leaves":3},"minecraft:custom":{"minecraft:open_chest":2,"minecraft:interact_with_smithing_table":2,"minecraft:time_since_rest":1576,"minecraft:crouch_one_cm":79,"minecraft:play_time":30763,"minecraft:sprint_one_cm":29369,"minecraft:damage_taken":50,"minecraft:walk_one_cm":29928,"minecraft:sneak_time":15,"minecraft:drop":1,"minecraft:jump":298,"minecraft:leave_game":5,"minecraft:time_since_death":30763,"minecraft:sleep_in_bed":4,"minecraft:total_world_time":30763,"minecraft:talked_to_villager":3,"minecraft:fall_one_cm":7909,"minecraft:fly_one_cm":76704},"minecraft:dropped":{"minecraft:wheat_seeds":1},"minecraft:used":{"minecraft:bread":2,"minecraft:white_bed":2}},"DataVersion":3953}