{"stats":{"minecraft:picked_up":{"minecraft:wheat_seeds":1,"minecraft:hay_block":26,"minecraft:white_bed":2},"minecraft:mined":{"minecraft:hay_block":26,"minecraft:short_grass":1,"minecraft:white_bed":2,"minecraft:tall_grass":2,"minecraft:oak_leaves":3},"minecraft:custom":{"minecraft:open_chest":2,"minecraft:interact_with_smithing_table":2,"minecraft:time_since_rest":5624,"minecraft:play_time":21455,"minecraft:sprint_one_cm":25460,"minecraft:damage_taken":40,"minecraft:walk_one_cm":24244,"minecraft:sneak_time":1,"minecraft:drop":1,"minecraft:jump":245,"minecraft:leave_game":4,"minecraft:time_since_death":21455,"minecraft:sleep_in_bed":3,"minecraft:total_world_time":21455,"minecraft:talked_to_villager":3,"minecraft:fall_one_cm":6595,"minecraft:fly_one_cm":67118},"minecraft:dropped":{"minecraft:wheat_seeds":1},"minecraft:used":{"minecraft:bread":2,"minecraft:white_bed":2}},"DataVersion":3953}