{"stats":{"minecraft:picked_up":{"minecraft:wooden_axe":2,"minecraft:stick":8,"minecraft:crafting_table":2,"minecraft:wooden_pickaxe":5,"minecraft:spruce_sapling":6,"minecraft:spruce_log":6,"minecraft:dirt":30,"minecraft:rotten_flesh":16,"minecraft:wheat_seeds":5,"minecraft:spruce_planks":30,"minecraft:wooden_shovel":5},"minecraft:killed_by":{"minecraft:zombie":6},"minecraft:crafted":{"minecraft:wooden_shovel":1,"minecraft:crafting_table":1,"minecraft:spruce_planks":24,"minecraft:stick":8,"minecraft:spruce_button":1,"minecraft:wooden_pickaxe":1,"minecraft:wooden_axe":1},"minecraft:mined":{"minecraft:spruce_planks":6,"minecraft:spruce_log":6,"minecraft:crafting_table":2,"minecraft:grass_block":13,"minecraft:dirt":3,"minecraft:spruce_leaves":2,"minecraft:fern":2},"minecraft:killed":{"minecraft:zombie":2},"minecraft:custom":{"minecraft:time_since_rest":1617,"minecraft:sprint_one_cm":20922,"minecraft:damage_taken":1699,"minecraft:walk_one_cm":40910,"minecraft:mob_kills":5,"minecraft:drop":1,"minecraft:damage_dealt":723,"minecraft:interact_with_crafting_table":16,"minecraft:fly_one_cm":29717,"minecraft:crouch_one_cm":2178,"minecraft:play_time":18258,"minecraft:deaths":6,"minecraft:sneak_time":380,"minecraft:jump":251,"minecraft:leave_game":9,"minecraft:time_since_death":784,"minecraft:total_world_time":18258,"minecraft:fall_one_cm":4790},"minecraft:dropped":{"minecraft:spruce_button":1},"minecraft:used":{"minecraft:wooden_axe":15,"minecraft:spruce_planks":6,"minecraft:wooden_pickaxe":25,"minecraft:wooden_shovel":7,"minecraft:rotten_flesh":1,"minecraft:dirt":30,"minecraft:crafting_table":3}},"DataVersion":3953}