{"stats":{"minecraft:dropped":{"minecraft:cobblestone":1,"minecraft:spruce_button":1,"minecraft:wooden_sword":1,"minecraft:wooden_pickaxe":1},"minecraft:crafted":{"minecraft:wooden_sword":2,"minecraft:wooden_shovel":1,"minecraft:crafting_table":3,"minecraft:spruce_planks":96,"minecraft:spruce_button":1,"minecraft:wooden_pickaxe":4,"minecraft:cooked_chicken":2,"minecraft:furnace":1,"minecraft:stone_axe":1,"minecraft:cooked_mutton":2,"minecraft:air":0,"minecraft:stick":28,"minecraft:stone_pickaxe":1,"minecraft:wooden_axe":1,"minecraft:spruce_boat":1,"minecraft:torch":4},"minecraft:killed":{"minecraft:witch":1,"minecraft:spider":1,"minecraft:skeleton":1,"minecraft:zombie":4},"minecraft:mined":{"minecraft:spruce_planks":7,"minecraft:crafting_table":5,"minecraft:torch":1,"minecraft:grass_block":17,"minecraft:spruce_leaves":6,"minecraft:sugar_cane":5,"minecraft:wall_torch":1,"minecraft:magma_block":15,"minecraft:furnace":2,"minecraft:spruce_log":24,"minecraft:oak_log":10,"minecraft:coal_ore":6,"minecraft:dirt":31,"minecraft:stone":15,"minecraft:netherrack":12,"minecraft:oak_leaves":3,"minecraft:fern":2},"minecraft:used":{"minecraft:cooked_mutton":2,"minecraft:stone_pickaxe":30,"minecraft:spruce_planks":7,"minecraft:wooden_pickaxe":88,"minecraft:wooden_shovel":7,"minecraft:cooked_chicken":2,"minecraft:rotten_flesh":1,"minecraft:netherrack":12,"minecraft:torch":4,"minecraft:dirt":69,"minecraft:crafting_table":6,"minecraft:spruce_boat":1,"minecraft:wooden_axe":15,"minecraft:spruce_sapling":2,"minecraft:stone_axe":20,"minecraft:wooden_sword":41,"minecraft:furnace":2,"minecraft:oak_sapling":2},"minecraft:killed_by":{"minecraft:creeper":1,"minecraft:witch":3,"minecraft:zombie":7},"minecraft:broken":{"minecraft:wooden_pickaxe":1},"minecraft:picked_up":{"minecraft:wooden_axe":2,"minecraft:crafting_table":6,"minecraft:magma_block":14,"minecraft:wooden_pickaxe":9,"minecraft:oak_log":10,"minecraft:dirt":135,"minecraft:wooden_sword":3,"minecraft:flint_and_steel":1,"minecraft:bone":4,"minecraft:wheat_seeds":5,"minecraft:spruce_planks":49,"minecraft:wooden_shovel":5,"minecraft:sugar_cane":11,"minecraft:oak_planks":17,"minecraft:furnace":2,"minecraft:stick":23,"minecraft:torch":2,"minecraft:fire_charge":1,"minecraft:golden_axe":1,"minecraft:spruce_sapling":9,"minecraft:spruce_log":24,"minecraft:redstone":18,"minecraft:rotten_flesh":29,"minecraft:oak_sapling":2,"minecraft:netherrack":12,"minecraft:mutton":6,"minecraft:coal":6,"minecraft:white_wool":6,"minecraft:cobblestone":15},"minecraft:custom":{"minecraft:interact_with_furnace":15,"minecraft:mob_kills":10,"minecraft:interact_with_crafting_table":44,"minecraft:leave_game":14,"minecraft:time_since_death":1635,"minecraft:time_since_rest":1663,"minecraft:sprint_one_cm":85360,"minecraft:damage_taken":3424,"minecraft:walk_one_cm":162125,"minecraft:drop":4,"minecraft:damage_dealt":2915,"minecraft:swim_one_cm":22505,"minecraft:fly_one_cm":89873,"minecraft:player_kills":2,"minecraft:open_chest":1,"minecraft:crouch_one_cm":3446,"minecraft:play_time":70323,"minecraft:deaths":12,"minecraft:sneak_time":613,"minecraft:walk_under_water_one_cm":2361,"minecraft:boat_one_cm":162522,"minecraft:jump":972,"minecraft:walk_on_water_one_cm":8117,"minecraft:total_world_time":70323,"minecraft:fall_one_cm":23828}},"DataVersion":3953}