{"stats":{"minecraft:picked_up":{"minecraft:wooden_axe":2,"minecraft:crafting_table":3,"minecraft:magma_block":11,"minecraft:wooden_pickaxe":9,"minecraft:oak_log":6,"minecraft:dirt":128,"minecraft:wooden_sword":2,"minecraft:wheat_seeds":5,"minecraft:spruce_planks":40,"minecraft:wooden_shovel":5,"minecraft:sugar_cane":11,"minecraft:furnace":1,"minecraft:stick":14,"minecraft:spruce_sapling":8,"minecraft:spruce_log":20,"minecraft:redstone":18,"minecraft:rotten_flesh":29,"minecraft:netherrack":5,"minecraft:mutton":6,"minecraft:coal":6,"minecraft:white_wool":6,"minecraft:cobblestone":15},"minecraft:killed_by":{"minecraft:creeper":1,"minecraft:witch":3,"minecraft:zombie":7},"minecraft:crafted":{"minecraft:wooden_sword":2,"minecraft:wooden_shovel":1,"minecraft:crafting_table":2,"minecraft:spruce_planks":80,"minecraft:spruce_button":1,"minecraft:wooden_pickaxe":4,"minecraft:furnace":1,"minecraft:stone_axe":1,"minecraft:cooked_mutton":2,"minecraft:air":0,"minecraft:stick":24,"minecraft:stone_pickaxe":1,"minecraft:wooden_axe":1,"minecraft:torch":4},"minecraft:broken":{"minecraft:wooden_pickaxe":1},"minecraft:mined":{"minecraft:spruce_planks":6,"minecraft:crafting_table":3,"minecraft:grass_block":16,"minecraft:spruce_leaves":5,"minecraft:sugar_cane":5,"minecraft:magma_block":12,"minecraft:furnace":1,"minecraft:spruce_log":20,"minecraft:oak_log":6,"minecraft:coal_ore":6,"minecraft:dirt":25,"minecraft:stone":15,"minecraft:netherrack":6,"minecraft:oak_leaves":1,"minecraft:fern":2},"minecraft:killed":{"minecraft:witch":1,"minecraft:spider":1,"minecraft:skeleton":1,"minecraft:zombie":4},"minecraft:custom":{"minecraft:interact_with_furnace":8,"minecraft:mob_kills":10,"minecraft:interact_with_crafting_table":41,"minecraft:leave_game":10,"minecraft:time_since_death":20330,"minecraft:time_since_rest":20358,"minecraft:sprint_one_cm":70083,"minecraft:damage_taken":3034,"minecraft:walk_one_cm":117238,"minecraft:drop":4,"minecraft:damage_dealt":2915,"minecraft:swim_one_cm":21367,"minecraft:fly_one_cm":72462,"minecraft:player_kills":2,"minecraft:open_chest":1,"minecraft:crouch_one_cm":2740,"minecraft:play_time":46952,"minecraft:deaths":11,"minecraft:sneak_time":510,"minecraft:walk_under_water_one_cm":1805,"minecraft:jump":688,"minecraft:walk_on_water_one_cm":7031,"minecraft:total_world_time":46952,"minecraft:fall_one_cm":12911},"minecraft:dropped":{"minecraft:cobblestone":1,"minecraft:spruce_button":1,"minecraft:wooden_sword":1,"minecraft:wooden_pickaxe":1},"minecraft:used":{"minecraft:cooked_mutton":2,"minecraft:stone_pickaxe":19,"minecraft:spruce_planks":6,"minecraft:wooden_pickaxe":88,"minecraft:wooden_shovel":7,"minecraft:rotten_flesh":1,"minecraft:torch":1,"minecraft:dirt":64,"minecraft:crafting_table":4,"minecraft:wooden_axe":15,"minecraft:spruce_sapling":2,"minecraft:stone_axe":11,"minecraft:wooden_sword":40,"minecraft:furnace":1}},"DataVersion":3953}