{"stats":{"minecraft:used":{"minecraft:spruce_planks":2,"minecraft:crafting_table":1},"minecraft:picked_up":{"minecraft:spruce_log":3},"minecraft:custom":{"minecraft:jump":3,"minecraft:time_since_rest":1200,"minecraft:leave_game":1,"minecraft:play_time":1200,"minecraft:time_since_death":1200,"minecraft:walk_one_cm":4878,"minecraft:total_world_time":1200,"minecraft:interact_with_crafting_table":3},"minecraft:mined":{"minecraft:spruce_log":3},"minecraft:crafted":{"minecraft:wooden_sword":1,"minecraft:crafting_table":1,"minecraft:spruce_planks":12,"minecraft:stick":4}},"DataVersion":3953}